Label,Genus,Species,Batch,Prep,Sample ID,NextSeq single IDs,NextSeq paired 1 and MiSeq paired ID,NextSeq paired 2 ID,HiSeq paired ID,HiSeq2500 paired ID,HiSeq2000 paired 1 ID,HiSeq2000 paired 2 ID,HiSeq 4000 ID 1,HiSeq 4000 ID 2,Seq run 1 ID,Seq run 2 ID,Total reads,Avg read len,Total bases,Reads fastp,Avg read len fastp,Total bases fastp,Reads decon,Avg read len decon,Total bases decon,Reads merged,Avg read len merged,Total bases merged,Mouse mapped reads,Mouse target depth,Mouse tile depth
Apomys-lubangensis,Apomys,lubangensis,1,NA,NA,30,JAE169,1,NA,NA,NA,NA,NA,NA,NA,NA,39430527,75.38439499,2971362093,38112175,75.32909849,2869884077,,,,,,,8624907,20.9266,21.1585
Batomys-salomonseni,Batomys,salomonseni,1,NA,NA,31,JAE3320,2,NA,NA,NA,NA,NA,NA,NA,NA,44940074,75.38176685,3386331617,43558384,75.34682913,3280667773,,,,,,,11786735,22.6468,23.048
Bulimus-bagobus,Bulimus,bagobus,1,NA,NA,32,JAE1712,3,NA,NA,NA,NA,NA,NA,NA,NA,40153287,75.3994846,3026279632,38877208,75.37129869,2928980447,,,,,,,8937514,21.1591,21.4455
Chrotomys-mindorensis,Chrotomys,mindorensis,1,NA,NA,33,JAE520,4,NA,NA,NA,NA,NA,NA,NA,NA,49326561,75.39798195,3717461837,47741516,75.34872946,3595616354,,,,,,,11879536,25.4239,25.8332
Phloeomys-pallidus,Phloeomys,pallidus,1,NA,NA,34,JEC43,5,NA,NA,NA,NA,NA,NA,NA,NA,43270999,75.40246307,3261371425,41869477,75.36638403,3154195317,,,,,,,12714291,19.323,19.5753
Rhynchomys-isarogensis,Rhynchomys,isarogensis,1,NA,NA,35,JAE2195,6,NA,NA,NA,NA,NA,NA,NA,NA,48708525,75.3524793,3669015450,47182640,75.29073908,3551136723,,,,,,,17479095,21.9025,22.3852
Sundamys-meulleri,Sundamys,meulleri,1,NA,NA,36,JAE1283,7,NA,NA,NA,NA,NA,NA,NA,NA,32933675,75.39719376,2482224151,31829024,75.34848723,2397394992,,,,,,,6544017,17.7066,17.7887
Taeromys-punicans,Taeromys,punicans,1,2,NA,37,JLP25862,8,NA,NA,NA,NA,SM077,NA,NA,NA,73725174,110.8534789,8170752084,72073844,110.8134099,7984826469,,,,,,,21014012,49.0607,49.2659
Hyorhinomys-stuempkei,Hyorhinomys,stuempkei,1,NA,NA,38,JAE4661,9,NA,NA,NA,NA,NA,NA,NA,NA,35631743,75.40606551,2685638224,34454945,75.34049599,2594656992,,,,,,,7551003,19.05,19.2953
Hybomys-univittatus,Hybomys,univittatus,1,NA,NA,39,TCD4026,10,NA,NA,NA,NA,NA,NA,NA,NA,39978705,75.38699396,3012876193,38419528,75.33473676,2893345978,,,,,,,13687072,16.9076,17.0722
Colomys-goslingi,Colomys,goslingi,1,NA,NA,40,TCD4175,11,NA,NA,NA,NA,NA,NA,NA,NA,54291190,75.3865975,4091538525,52555479,75.34387385,3958456678,,,,,,,13466829,28.7918,28.9879
Malacomys-longipes,Malacomys,longipes,1,NA,NA,41,TCD4253,12,NA,NA,NA,NA,NA,NA,NA,NA,50366563,75.39319495,3795792160,48676990,75.33870053,3665771952,,,,,,,14301483,23.875,24.3332
Hylomyscus-vulcanorum,Hylomyscus,vulcanorum,1,NA,NA,42,TCD4382,13,NA,NA,NA,NA,NA,NA,NA,NA,59460468,75.38688101,4480780827,57575121,75.34684784,4336362013,,,,,,,14295660,31.3396,31.9005
Praomys-degraaffi,Praomys,degraaffi,1,NA,NA,43,TCD4312,14,NA,NA,NA,NA,NA,NA,NA,NA,53955265,75.40104491,4066691040,52208229,75.34864421,3932244937,,,,,,,24123882,17.8811,17.8392
Grammomys-sp,Grammomys,sp,1,NA,NA,44,TCD4560,15,NA,NA,NA,NA,NA,NA,NA,NA,57307396,75.38719755,4318754257,55518531,75.35092544,4181896716,,,,,,,14360175,29.4999,29.8938
Lemniscomys-striatus,Lemniscomys,striatus,1,NA,NA,45,TCD4711,16,NA,NA,NA,NA,NA,NA,NA,NA,40776560,75.38725733,3073051706,39405459,75.32699022,2967323509,,,,,,,9453923,21.1423,21.4713
Berylymys-bowersi,Berylymys,bowersi,1,NA,NA,46,ABTC116431,17,NA,NA,NA,NA,NA,NA,NA,NA,82302530,75.3588953,6200062831,79820239,75.21562236,6001584330,,,,,,,26811092,37.4089,38.3038
Crunomys-celebensis,Crunomys,celebensis,1,NA,NA,47,Z21894,18,NA,NA,NA,NA,NA,NA,NA,NA,41672317,75.40257141,3140957752,40292856,75.36312462,3035366054,,,,,,,8340706,22.9734,23.3598
Echiothrix-centrosa,Echiothrix,centrosa,1,NA,NA,48,Z27993,19,NA,NA,NA,NA,NA,NA,NA,NA,31915700,75.3753295,2404632656,30893406,75.2975076,2325182818,,,,,,,6668637,18.1875,18.5826
Gracillimus-radix,Gracillimus,radix,1,NA,NA,49,Z08508,20,NA,NA,NA,NA,NA,NA,NA,NA,59265483,75.39167226,4466355559,57392306,75.34236646,4322322927,,,,,,,12960715,32.297,32.7201
Leopoldomys-sabanus,Leopoldomys,sabanus,1,NA,NA,50,Z25191,21,NA,NA,NA,NA,NA,NA,NA,NA,43670761,75.3905026,3290953683,42133697,75.32008538,3172120987,,,,,,,7602974,24.9807,25.2834
Margaretamys-parvus,Margaretamys,parvus,1,2,NA,51,Z21794,22,NA,NA,NA,NA,SM062,NA,NA,NA,73791976,116.48741,8594465222,72276302,116.2733906,8402457502,,,,,,,21673634,51.9524,52.2893
Melasmothrix-naso,Melasmothrix,naso,1,NA,NA,52,Z21808,23,NA,NA,NA,NA,NA,NA,NA,NA,38456046,75.38001477,2897872201,37254155,75.32259177,2805143475,,,,,,,6912904,21.971,22.3728
Paucidentomys-vermidax,Paucidentomys,vermidax,1,NA,NA,53,Z21914,24,NA,NA,NA,NA,NA,NA,NA,NA,35954259,75.3921841,2709748746,34705029,75.33775397,2613687651,,,,,,,6043811,20.6954,20.9874
Sommeromys-macrorhinos,Sommeromys,macrorhinos,1,NA,NA,54,Z21740,25,NA,NA,NA,NA,NA,NA,NA,NA,36340049,75.39479275,2738793277,35164753,75.35288346,2648720164,,,,,,,6862651,21.0374,21.4011
Tateomys-macrocercus,Tateomys,macrocercus,1,NA,NA,55,Z21834,26,NA,NA,NA,NA,NA,NA,NA,NA,29225186,75.38704027,2202390617,28300553,75.3453572,2131513148,,,,,,,5259036,17.5671,17.9862
Tateomys-rhinogradoides,Tateomys,rhinogradoides,1,NA,NA,56,Z21785,27,NA,NA,NA,NA,NA,NA,NA,NA,46984426,75.3912957,3540875618,45337474,75.34585334,3414663977,,,,,,,9933808,25.7531,26.358
Waiomys-mamasae,Waiomys,mamasae,1,NA,NA,57,Z20624,28,NA,NA,NA,NA,NA,NA,NA,NA,60833873,75.34148008,4582027500,59039861,75.27302965,4442832276,,,,,,,13008649,37.2604,38.6311
Chiropodomys-gliroides,Chiropodomys,gliroides,1,NA,NA,58,Z25153,29,NA,NA,NA,NA,NA,NA,NA,NA,35074373,75.38118802,2643016119,33883685,75.32692881,2551432830,,,,,,,6349131,20.1717,20.4436
Lorentzimys-nouhuysi,Lorentzimys,nouhuysi,1,NA,NA,59,ABTC-46314,30,NA,NA,NA,NA,NA,NA,NA,NA,54971983,75.38328238,4142287244,53152101,75.33266926,4002425923,,,,,,,11351502,31.2191,32.2735
Mastacomys-fuscus,Mastacomys,fuscus,1,NA,NA,60,ABTC-07354,31,NA,NA,NA,NA,NA,NA,NA,NA,46594794,75.38626938,3511218474,45029981,75.33461781,3390942230,,,,,,,9268386,26.2141,26.7897
Melomys-rufescens,Melomys,rufescens,1,NA,NA,61,ABTC-44798,32,NA,NA,NA,NA,NA,NA,NA,NA,45403051,75.37302447,3420897123,43904687,75.31719986,3305520891,,,,,,,9427649,25.7956,26.3844
Hydromys-chrysogaster,Hydromys,chrysogaster,1,NA,NA,62,Z5248,33,NA,NA,NA,NA,NA,NA,NA,NA,65162935,75.33229627,4907385637,62777770,75.24150428,4722025437,,,,,,,39135503,13.104,13.0416
Apodemus-sylvaticus,Apodemus,sylvaticus,1,NA,NA,63,SMG3823,34,NA,NA,NA,NA,NA,NA,NA,NA,36422145,75.39729319,2745043087,35193013,75.3481785,2650653378,,,,,,,6462680,20.6594,21.0322
Archboldomys-luzonensis,Archboldomys,luzonensis,1,NA,NA,64,EAR1826,35,NA,NA,NA,NA,NA,NA,NA,NA,38016676,75.38821207,2865027678,36680218,75.3463609,2762750407,,,,,,,7860184,21.4591,21.8716
Bunomys-chrysocomus,Bunomys,chrysocomus,1,NA,NA,65,JAE4867,36,NA,NA,NA,NA,NA,NA,NA,NA,45900895,75.37183934,3458256408,44282646,75.31559424,3333808251,,,,,,,9624847,25.6219,25.9854
Haeromys-minahassae,Haeromys,minahassae,1,NA,NA,66,JAE4996,37,NA,NA,NA,NA,NA,NA,NA,NA,33750595,75.39854823,2543798633,32488963,75.35272033,2447197369,,,,,,,6227982,18.8813,18.9254
Maxomys-surifer,Maxomys,surifer,1,NA,NA,67,JAE3632,38,NA,NA,NA,NA,NA,NA,NA,NA,43614327,75.39545589,3286959596,42159209,75.34935423,3175320947,,,,,,,8781465,24.0085,24.2944
Niviventer-lepturus,Niviventer,lepturus,1,NA,NA,68,JAE4746,39,NA,NA,NA,NA,NA,NA,NA,NA,40554596,75.37496527,3055637400,39132552,75.3038199,2945679629,,,,,,,8207903,22.6541,23.0459
Paruromys-dominator,Paruromys,dominator,1,NA,NA,69,JAE4870,40,NA,NA,NA,NA,NA,NA,NA,NA,25368777,75.40654489,1912123498,24517397,75.37240503,1847096056,,,,,,,4046144,14.6464,14.6981
Bunomys-andrewsi,Bunomys,andrewsi,2,NA,NA,NA,NA,NA,andrewsii,GATGCC,NA,NA,NA,NA,NA,NA,27342995,100.551298,2229983248,25889762,99.83857562,2091777901,,,,,,,6266321,18.0871,18.326
Rattus-exulans,Rattus,exulans,2,NA,NA,NA,NA,NA,exulans,TGACGT and GCATTG,NA,NA,NA,NA,NA,NA,62650906,100.558442,5171044518,59271698,99.71045507,4843821434,,,,,,,15603435,39.9066,40.2968
Rattus-hoffmanni,Rattus,hoffmanni,2,3,NA,NA,NA,NA,hoffmanni,CCGATT and GATCTC,NA,NA,NA,SM074,NA,NA,115914979,121.9823845,12699070548,111339661,120.7000259,12086326546,,,,,,,33107203,85.3092,86.513
Rattus-leucopus,Rattus,leucopus,2,NA,NA,NA,NA,NA,leucopus,ATGCCG,NA,NA,NA,NA,NA,NA,28347387,100.5608015,2298816102,26835411,99.82010706,2154624198,,,,,,,6375821,20.3149,20.6153
Rattus-lutreolus,Rattus,lutreolus,2,NA,NA,NA,NA,NA,lutreolus,CAATAT,NA,NA,NA,NA,NA,NA,34011907,100.5677796,2854952522,31991207,99.3086073,2646902103,,,,,,,8328122,24.1384,24.6592
Maxomys-musschenbroekii,Maxomys,musschenbroekii,2,NA,NA,NA,NA,NA,musschenbroekii,CAATTA,NA,NA,NA,NA,NA,NA,30698292,100.5608775,2522688474,28929868,99.47346339,2345380545,,,,,,,7119753,21.1139,21.6429
Rattus-praetor,Rattus,praetor,2,NA,NA,NA,NA,NA,praetor,CAGTAC,NA,NA,NA,NA,NA,NA,26153464,100.5501286,2122230924,24698593,99.64800761,1980277751,,,,,,,5795754,18.2905,18.4858
Rattus-villosissimus,Rattus,villosissimus,2,NA,NA,NA,NA,NA,vilosissimus,AGATAG,NA,NA,NA,NA,NA,NA,35322678,100.5572222,2966364448,33463451,99.18304342,2769102696,,,,,,,9040080,24.5886,25.095
Mus-caroli,Mus,caroli,3,NA,NA,NA,NA,NA,NA,NA,10460X9,ACCAAC,NA,NA,NA,NA,57290523,100.6071897,4406927114,54849723,99.89925747,4166466763,,,,,,,7259563,42.7884,44.4918
Mus-cervicolor,Mus,cervicolor,3,NA,NA,NA,NA,NA,NA,NA,10460X10,CCGGTA,NA,NA,NA,NA,77059554,100.6044019,5910985678,73633353,100.4679364,5609351746,,,,,,,7807039,58.2375,59.7456
Mus-cookii,Mus,cookii,3,NA,NA,NA,NA,NA,NA,NA,10460X3,CCTAGG,NA,NA,NA,NA,82597715,100.6046691,6356067580,79071844,100.2006499,6027979715,,,,,,,9963865,60.9111,63.2448
Mus-macedonicus,Mus,macedonicus,3,NA,NA,NA,NA,NA,NA,NA,10460X12,TTGAAG,NA,NA,NA,NA,51092698,100.4225716,3924346796,49190458,100.2966212,3759355064,,,,,,,8084646,34.9049,35.9525
Mus-minutoides,Mus,minutoides,3,NA,NA,NA,NA,NA,NA,NA,10460X2,CTCTGC,NA,NA,NA,NA,64445466,100.6087855,4957201108,61604587,100.2519109,4695891739,,,,,,,7159980,48.898,50.8168
Mus-molossinus,Mus,molossinus,3,NA,NA,NA,NA,NA,NA,NA,10460X8,GCTCGA,NA,NA,NA,NA,42887967,100.423937,3276261450,41324941,99.66120643,3120964030,,,,,,,4374523,32.7104,33.9256
Mus-musculus-castaneus,Mus,musculus castaneus,3,NA,NA,NA,NA,NA,NA,NA,10460X7,CTCGAT,NA,NA,NA,NA,43068978,100.4285432,3297101812,41240448,100.2810916,3137951593,,,,,,,3821637,32.2928,33.1342
Mus-musculus-domesticus,Mus,musculus domesticus,3,NA,NA,NA,NA,NA,NA,NA,10460X15,CGACCT,NA,NA,NA,NA,67769204,100.4257268,5176792166,65118129,100.1795687,4940967926,,,,,,,5632383,53.1694,55.0708
Mus-musculus-musculus,Mus,musculus musculus,3,NA,NA,NA,NA,NA,NA,NA,10460X14,TTGGAT,NA,NA,NA,NA,70323731,100.4254625,5379793634,67840810,100.1288717,5155496224,,,,,,,5969445,56.5639,58.8185
Mus-musculus-reference,Mus,musculus reference,3,NA,NA,NA,NA,NA,NA,NA,10460X5,GCAAGA,NA,NA,NA,NA,36881941,100.4279945,2826110850,35428461,100.2732248,2699330144,,,,,,,2487707,29.2606,30.0935
Mus-pahari,Mus,pahari,3,NA,NA,NA,NA,NA,NA,NA,10460X1,TCGCAG,NA,NA,NA,NA,51307296,100.6025399,3936918830,49070835,99.9963811,3722547680,,,,,,,6488255,38.138,39.3852
Mus-platythrix,Mus,platythrix,3,NA,NA,NA,NA,NA,NA,NA,10460X13,ACTATC,NA,NA,NA,NA,81440486,100.6067561,6267991454,78204933,99.35161229,5913929957,,,,,,,12950546,58.8764,61.8781
Mus-spicilegus,Mus,spicilegus,3,NA,NA,NA,NA,NA,NA,NA,10460X11,AACTCC,NA,NA,NA,NA,46423284,100.4186572,3549204452,44812944,99.39496111,3379191919,,,,,,,5778618,34.1634,35.543
Mus-spretus,Mus,spretus,3,NA,NA,NA,NA,NA,NA,NA,10460X4,GGATCA,NA,NA,NA,NA,37938209,100.4213713,2904766494,36506531,100.2774927,2780768677,,,,,,,2522616,30.4968,31.4212
Coccymys-ruemmleri,Coccymys,ruemmleri,4,1,NA,NA,NA,NA,NA,NA,NA,NA,SM033,NA,NA,NA,32996526,150,4949478900,32535128,149.0456607,4849219650,,,,,,,12659811,28.0203,28.1865
Grammomys-dryas,Grammomys,dryas,4,1,NA,NA,NA,NA,NA,NA,NA,NA,REC8,NA,NA,NA,33710426,150,5056563900,33206516,148.5037912,4931293520,,,,,,,13021737,28.1655,28.0222
Carpomys-melanurus,Carpomys,melanurus,4,1,NA,NA,NA,NA,NA,NA,NA,NA,SM085,NA,NA,NA,28354290,150,4253143500,27918356,149.5584159,4175425098,,,,,,,12751741,20.4387,20.4461
Crateromys-heaneyi,Crateromys,heaneyi,4,1,NA,NA,NA,NA,NA,NA,NA,NA,REC4,NA,NA,NA,36630842,150,5494626300,36070468,147.4948367,5320207788,,,,,,,13585577,31.193,31.5412
Dasymys-montanus,Dasymys,montanus,4,1,NA,NA,NA,NA,NA,NA,NA,NA,SM086,NA,NA,NA,34265426,150,5139813900,33777594,149.3834047,5045811995,,,,,,,12571794,29.3553,29.3204
Aethomys-hindei,Aethomys,hindei,4,1,NA,NA,NA,NA,NA,NA,NA,NA,REC1,NA,NA,NA,41601482,150,6240222300,41017616,148.2681088,6081604352,,,,,,,15314201,36.1493,36.2858
Hylomyscus-stella,Hylomyscus,stella,4,1,NA,NA,NA,NA,NA,NA,NA,NA,REC10,NA,NA,NA,43945642,150,6591846300,43123108,148.1528029,6388809319,,,,,,,16098695,34.8221,34.7805
Anisomys-imitator,Anisomys,imitator,4,1,NA,NA,NA,NA,NA,NA,NA,NA,SM008,NA,NA,NA,48087338,150,7213100700,47439572,148.7994467,7058982064,,,,,,,18360043,42.365,42.8384
Crunomys-melanius,Crunomys,melanius,4,1,NA,NA,NA,NA,NA,NA,NA,NA,REC5,NA,NA,NA,32602620,150,4890393000,31969260,147.7274668,4722737795,,,,,,,12107424,27.4471,27.583
Niviventer-rapit,Niviventer,rapit,4,1,NA,NA,NA,NA,NA,NA,NA,NA,SM056,NA,NA,NA,31670356,150,4750553400,31298624,146.9462157,4599214354,,,,,,,11859745,28.7496,29.1164
Phloeomys-cumingii,Phloeomys,cumingii,4,1,NA,NA,NA,NA,NA,NA,NA,NA,SM069,NA,NA,NA,34013230,150,5101984500,33616120,149.3941154,5022050511,,,,,,,13697732,28.2397,28.4523
Aethomys-nyikae,Aethomys,nyikae,4,1,NA,NA,NA,NA,NA,NA,NA,NA,SM084,NA,NA,NA,39728404,150,5959260600,39160080,149.474609,5853437646,,,,,,,15605515,32.8958,32.6484
Hybomys-planifrons,Hybomys,planifrons,4,1,NA,NA,NA,NA,NA,NA,NA,NA,SM040,NA,NA,NA,41061690,150,6159253500,40597440,149.0708708,6051895734,,,,,,,16557060,33.9679,34.5781
Pogonomys-macrourus,Pogonomys,macrourus,4,1,NA,NA,NA,NA,NA,NA,NA,NA,SM071,NA,NA,NA,43583232,150,6537484800,43026862,148.4536104,6387493010,,,,,,,16597751,38.3386,38.6381
Musseromys-anacuao,Musseromys,anacuao,4,1,NA,NA,NA,NA,NA,NA,NA,NA,SM063,NA,NA,NA,31889540,150,4783431000,31513488,149.6642808,4716443518,,,,,,,13116961,26.1651,26.2034
Limnomys-sibuanus,Limnomys,sibuanus,4,1,NA,NA,NA,NA,NA,NA,NA,NA,SM089,NA,NA,NA,33006740,150,4951011000,32443936,148.9436097,4832316940,,,,,,,12494998,28.2556,28.2745
Pithecheir-melanurus,Pithecheir,melanurus,4,1,NA,NA,NA,NA,NA,NA,NA,NA,SM070,NA,NA,NA,30172486,150,4525872900,29841598,148.8059098,4440606139,,,,,,,12916155,22.6596,22.8685
Thamnomys-sp.,Thamnomys,sp.,4,1,NA,NA,NA,NA,NA,NA,NA,NA,REC24,NA,NA,NA,41875098,150,6281264700,41389532,149.142603,6172942541,,,,,,,16549142,35.7369,35.9729
Mammelomys-lanosus,Mammelomys,lanosus,4,1,NA,NA,NA,NA,NA,NA,NA,NA,SM047,NA,NA,NA,32681436,150,4902215400,32284246,148.0633844,4780114724,,,,,,,13064325,28.4466,28.7805
Xenuromys-barbatus,Xenuromys,barbatus,4,1,NA,NA,NA,NA,NA,NA,NA,NA,SM010,NA,NA,NA,43306002,150,6495900300,42745120,149.0253761,6370107583,,,,,,,17078415,38.2479,38.3556
Hydromys-sp-nov,Hydromys,sp nov,4,1,NA,NA,NA,NA,NA,NA,NA,NA,REC9,NA,NA,NA,39014590,150,5852188500,38498866,144.8444538,5576347216,,,,,,,14712936,33.6933,33.8934
Xeromys-myoides,Xeromys,myoides,4,1,NA,NA,NA,NA,NA,NA,NA,NA,SM080,NA,NA,NA,29354318,150,4403147700,28938296,149.4005117,4323396230,,,,,,,10891399,25.8415,25.7043
Pseudohydromys-ellermani,Pseudohydromys,ellermani,4,1,NA,NA,NA,NA,NA,NA,NA,NA,SM073,NA,NA,NA,39681404,150,5952210600,39192850,147.717775,5789480598,,,,,,,14254558,36.3469,36.666
Leptomys-elegans,Leptomys,elegans,4,1,NA,NA,NA,NA,NA,NA,NA,NA,SM044,NA,NA,NA,33069852,150,4960477800,32684744,148.4444211,4851867901,,,,,,,12321558,28.7129,28.5403
Pelomys-isseli,Pelomys,isseli,4,1,NA,NA,NA,NA,NA,NA,NA,NA,SM068,NA,NA,NA,38177966,150,5726694900,37650270,149.2810408,5620471493,,,,,,,14990358,31.4128,31.5373
Mus-pos_ctrl_F,Mus,pos_ctrl_F,4,1,NA,NA,NA,NA,NA,NA,NA,NA,M44_F11,NA,NA,NA,4171622,150,625743300,4091936,146.4977874,599459570,,,,,,,1585986,4.21131,4.16941
Mus-pos_ctrl_E,Mus,pos_ctrl_E,4,1,NA,NA,NA,NA,NA,NA,NA,NA,M44_E11,NA,NA,NA,3139548,150,470932200,3089696,148.0125313,457313726,,,,,,,1179176,3.59801,3.57902
Niviventer-bukit,Niviventer,bukit,4,2,NA,NA,NA,NA,NA,NA,NA,NA,SM054,NA,NA,NA,38370432,150,5755564800,37958500,148.339884,5630759486,,,,,,,14327085,34.1057,34.4446
Genus-sp-nov,Genus,sp nov,4,2,NA,NA,NA,NA,NA,NA,NA,NA,SM059,NA,NA,NA,37196074,150,5579411100,36802616,147.8551835,5441457541,,,,,,,13390549,34.1734,34.4595
Saxatilomys-paulinae,Saxatilomys,paulinae,4,2,NA,NA,NA,NA,NA,NA,NA,NA,SM075,NA,NA,NA,34890780,150,5233617000,34486190,148.3710509,5116752253,,,,,,,14097664,29.2317,29.5494
Crunomys-sp.,Crunomys,sp.,4,2,NA,NA,NA,NA,NA,NA,NA,NA,REC6,NA,NA,NA,32978348,150,4946752200,32397968,147.6034558,4782052037,,,,,,,12798770,26.5652,26.7301
Microhydromys-richardsoni,Microhydromys,richardsoni,4,2,NA,NA,NA,NA,NA,NA,NA,NA,SM050,NA,NA,NA,37706842,150,5656026300,37184758,148.167962,5509589809,,,,,,,14194759,32.1035,32.1174
Uromys-caudimaculatus,Uromys,caudimaculatus,4,2,NA,NA,NA,NA,NA,NA,NA,NA,SM078,NA,NA,NA,37186694,150,5578004100,36719838,149.1930461,5478344483,,,,,,,14532633,31.1538,31.052
Mirzamys-louiseae,Mirzamys,louiseae,4,2,NA,NA,NA,NA,NA,NA,NA,NA,SM051,NA,NA,NA,41706860,150,6256029000,41214466,148.6980186,6128509432,,,,,,,16579268,35.0283,35.0525
Papagomys-armandvillei,Papagomys,armandvillei,4,2,NA,NA,NA,NA,NA,NA,NA,NA,SM057,NA,NA,NA,39029930,150,5854489500,38627488,148.597054,5739930921,,,,,,,14128405,36.0274,36.341
Chiromyscus-chiropus,Chiromyscus,chiropus,4,2,NA,NA,NA,NA,NA,NA,NA,NA,SM034,NA,NA,NA,35043450,150,5256517500,34663840,148.2830535,5140060040,,,,,,,13827132,30.5745,30.8272
Pogonomelomys-bruijni,Pogonomelomys,bruijni,4,2,NA,NA,NA,NA,NA,NA,NA,NA,REC26,NA,NA,NA,31809228,150,4771384200,31450314,148.8463681,4681265014,,,,,,,11524806,26.8578,26.7291
Paraleptomys-sp,Paraleptomys,sp,4,2,NA,NA,NA,NA,NA,NA,NA,NA,SM065,NA,NA,NA,41781002,150,6267150300,41270412,147.9323769,6105230143,,,,,,,15761090,36.7,36.9409
Oenomys-hypoxanthus,Oenomys,hypoxanthus,4,2,NA,NA,NA,NA,NA,NA,NA,NA,REC13,NA,NA,NA,37522238,150,5628335700,37142664,149.0839736,5537375939,,,,,,,14340626,33.2946,33.7579
Bandicota-indica,Bandicota,indica,4,2,NA,NA,NA,NA,NA,NA,NA,NA,SM009,NA,NA,NA,30405058,150,4560758700,30089924,147.4199436,4435854898,,,,,,,11304127,28.4998,28.8482
Rattus-xanthurus,Rattus,xanthurus,4,2,NA,NA,NA,NA,NA,NA,NA,NA,REC17,NA,NA,NA,38005628,150,5700844200,37535988,148.7513133,5583527511,,,,,,,13894302,33.9455,33.9505
Lenomys-meyeri,Lenomys,meyeri,4,2,NA,NA,NA,NA,NA,NA,NA,NA,REC11,NA,NA,NA,40107456,150,6016118400,39597398,143.6639566,5688718869,,,,,,,15556594,32.8666,33.2478
Thamnomys-kempi,Thamnomys,kempi,4,2,NA,NA,NA,NA,NA,NA,NA,NA,REC23,NA,NA,NA,33091898,150,4963784700,32737844,149.2913097,4887475608,,,,,,,12274167,29.3451,29.3817
Parahydromys-asper,Parahydromys,asper,4,2,NA,NA,NA,NA,NA,NA,NA,NA,SM058,NA,NA,NA,35429438,150,5314415700,35039168,148.1911994,5192496333,,,,,,,14134575,30.7515,31.053
Rattus-argentiventer,Rattus,argentiventer,4,2,NA,NA,NA,NA,NA,NA,NA,NA,SM042,NA,NA,NA,31257002,150,4688550300,30931360,148.7329964,4600513856,,,,,,,12134504,27.8161,28.1204
Uromys-sp-nov,Uromys,sp nov,4,2,NA,NA,NA,NA,NA,NA,NA,NA,REC25,NA,NA,NA,37208110,150,5581216500,36794368,148.9712426,5481302722,,,,,,,14989112,31.4202,31.4318
Otomys-tropicalis,Otomys,tropicalis,4,2,NA,NA,NA,NA,NA,NA,NA,NA,REC15,NA,NA,NA,32553470,150,4883020500,32163816,147.613978,4747828826,,,,,,,13764753,25.359,25.4486
Niviventer-cremoriventer,Niviventer,cremoriventer,4,2,NA,NA,NA,NA,NA,NA,NA,NA,SM055,NA,NA,NA,47040818,150,7056122700,46458810,147.9721953,6874612105,,,,,,,17631337,42.1499,42.4597
Otomys-denti,Otomys,denti,4,2,NA,NA,NA,NA,NA,NA,NA,NA,REC14,NA,NA,NA,38130440,150,5719566000,37709588,145.642532,5492119877,,,,,,,14698961,31.3203,31.2859
Praomys-jacksoni,Praomys,jacksoni,4,2,NA,NA,NA,NA,NA,NA,NA,NA,REC31,NA,NA,NA,38549594,150,5782439100,38018516,146.0258941,5551687790,,,,,,,15373971,31.3324,31.5419
Mus-pos_ctrl_C,Mus,pos_ctrl_C,4,2,NA,NA,NA,NA,NA,NA,NA,NA,M44_C11,NA,NA,NA,3528302,150,529245300,3480234,148.3836389,516409785,,,,,,,1364276,3.81878,3.79315
Mus-pos_ctrl_B,Mus,pos_ctrl_B,4,2,NA,NA,NA,NA,NA,NA,NA,NA,M44_B11,NA,NA,NA,3329866,150,499479900,3290854,148.6042349,489034841,,,,,,,1347262,3.64582,3.62589
Mus-pos_ctrl_D1,Mus,pos_ctrl_D1,4,2,NA,NA,NA,NA,NA,NA,NA,NA,M44_D11,NA,NA,NA,2419816,150,362972400,2388050,146.2325182,349210565,,,,,,,924289,3.11777,3.12298
Margaretamys-christinae,Margaretamys,christinae,4,3,NA,NA,NA,NA,NA,NA,NA,NA,NA,SM061,NA,NA,39851110,150,5977666500,39450864,148.3413985,5852196339,,,,,,,15891906,33.2149,33.3544
Dasymys-incomtus,Dasymys,incomtus ,4,3,NA,NA,NA,NA,NA,NA,NA,NA,NA,REC29,NA,NA,41014600,150,6152190000,40419682,145.0827876,5864200137,,,,,,,18411218,30.9489,31.4679
Taeromys-callitrichus,Taeromys,callitrichus,4,3,NA,NA,NA,NA,NA,NA,NA,NA,NA,REC19,NA,NA,43116848,150,6467527200,42492938,143.9641093,6117457971,,,,,,,16696466,36.0385,36.6365
Hybomys-lunaris,Hybomys,lunaris,4,3,NA,NA,NA,NA,NA,NA,NA,NA,NA,SM039,NA,NA,41007648,150,6151147200,40547540,147.5399954,5982383866,,,,,,,17157576,35.1917,35.581
Sundamys-annandalei,Sundamys,annandalei,4,3,NA,NA,NA,NA,NA,NA,NA,NA,NA,REC18,NA,NA,39891624,150,5983743600,39394664,147.8600942,5824898731,,,,,,,15794808,34.6391,35.0381
Nesokia-indica,Nesokia,indica,4,3,NA,NA,NA,NA,NA,NA,NA,NA,NA,SM053,NA,NA,36529618,150,5479442700,36143090,144.6294627,5227355688,,,,,,,14180628,32.4353,33.0723
Macruromys-major,Macruromys,major,4,3,NA,NA,NA,NA,NA,NA,NA,NA,NA,SM045,NA,NA,47570600,150,7135590000,46866108,143.3686359,6719129973,,,,,,,18473555,39.789,40.8907
Mus-musculoides,Mus,musculoides,4,3,NA,NA,NA,NA,NA,NA,NA,NA,NA,REC30,NA,NA,70205740,150,10530861000,69232688,143.2443932,9917194383,,,,,,,27110327,58.2732,59.8879
Pelomys-minor,Pelomys,minor,4,3,NA,NA,NA,NA,NA,NA,NA,NA,NA,REC16,NA,NA,46514704,150,6977205600,45860018,148.2681303,6799579126,,,,,,,17456679,39.7604,40.3648
Tarsomys-apoensis,Tarsomys,apoensis,4,3,NA,NA,NA,NA,NA,NA,NA,NA,NA,REC21,NA,NA,37683818,150,5652572700,37168434,145.8860349,5422355459,,,,,,,14386518,33.1642,33.4849
Batomys-russatus,Batomys,russatus,4,3,NA,NA,NA,NA,NA,NA,NA,NA,NA,REC28,NA,NA,33606278,150,5040941700,33102862,146.9310991,4863839898,,,,,,,13863648,27.3236,27.7562
Halmaheramys-bokimekot,Halmaheramys,bokimekot,4,3,NA,NA,NA,NA,NA,NA,NA,NA,NA,REC22,NA,NA,36616106,150,5492415900,36157696,145.8220712,5272590122,,,,,,,14705213,31.2988,31.7619
Chiruromys-vates,Chiruromys,vates,4,3,NA,NA,NA,NA,NA,NA,NA,NA,NA,SM035,NA,NA,46581702,150,6987255300,46072970,147.5604506,6798548212,,,,,,,18840824,40.68,41.4869
Chrotomys-whiteheadi,Chrotomys,whiteheadi,4,3,NA,NA,NA,NA,NA,NA,NA,NA,NA,REC34,NA,NA,35401028,150,5310154200,34939788,145.5681071,5086118802,,,,,,,13540263,31.7155,32.4764
Abeomelomys-sevia,Abeomelomys,sevia,4,3,NA,NA,NA,NA,NA,NA,NA,NA,NA,REC32,NA,NA,27142292,150,4071343800,26799628,141.3015453,3786828851,,,,,,,10256107,22.0263,21.9407
Berylmys-mackenzii,Berylmys,mackenzii,4,3,NA,NA,NA,NA,NA,NA,NA,NA,NA,SM011,NA,NA,35357278,150,5303591700,34968580,145.9421537,5103389878,,,,,,,13429898,31.2784,31.7691
Solomys-salebrosus,Solomys,salebrosus,4,3,NA,NA,NA,NA,NA,NA,NA,NA,NA,SM076,NA,NA,41852882,150,6277932300,41416594,146.7630452,6078425458,,,,,,,15696113,37.4324,37.8998
Zelotomys-woosnami,Zelotomys,woosnami,4,3,NA,NA,NA,NA,NA,NA,NA,NA,NA,SM081,NA,NA,45558236,150,6833735400,45038762,148.4596683,6686439665,,,,,,,18762699,37.5602,37.8583
Kadarsanomys-sodyi,Kadarsanomys,sodyi,4,3,NA,NA,NA,NA,NA,NA,NA,NA,NA,REC 27,NA,NA,21067500,150,3160125000,20813458,145.687754,3032265948,,,,,,,8556375,18.4137,18.7339
Mallomys-rothschildi,Mallomys,rothschildi,4,3,NA,NA,NA,NA,NA,NA,NA,NA,NA,SM046,NA,NA,39818142,150,5972721300,39382370,145.8749613,5744901699,,,,,,,16086196,33.7814,34.6405
Taeromys-taerae,Taeromys,taerae,4,3,NA,NA,NA,NA,NA,NA,NA,NA,NA,REC20,NA,NA,38391576,150,5758736400,37950324,140.1393427,5318333460,,,,,,,14468627,33.2455,33.8805
Vandeleuria-oleracea,Vandeleuria,oleracea,4,3,NA,NA,NA,NA,NA,NA,NA,NA,NA,SM079,NA,NA,38413180,150,5761977000,38030076,145.4278873,5530633605,,,,,,,15075118,35.0473,35.5804
Mus-pos_ctrl_A,Mus,pos_ctrl_A,4,3,NA,NA,NA,NA,NA,NA,NA,NA,NA,M44_A12,NA,NA,1669996,150,250499400,1649330,148.2621537,244533218,,,,,,,669691,2.54959,2.54977
Mus-pos_ctrl_G,Mus,pos_ctrl_G,4,3,NA,NA,NA,NA,NA,NA,NA,NA,NA,M44_G11,NA,NA,1333082,150,199962300,1315200,147.3776429,193831076,,,,,,,515757,2.36829,2.37783
Mus-pos_ctrl_D2,Mus,pos_ctrl_D2,4,3,NA,NA,NA,NA,NA,NA,NA,NA,NA,M44_D11,NA,NA,1919848,150,287977200,1891312,148.2317,280352393,,,,,,,730314,2.71392,2.70465
Conilurus-albipes,Conilurus,albipes,5,NA,NMV-c7585,NA, NA, NA, NA, NA, NA, NA, NA, NA,53930_HTVLKBCX2_TGCGTCC,53930_HTVLKBCX2_TGCGTCC,183436990,101,16578527436,178705157,92.15872646,14725515200,,,,,,,50497450,92.3735,97.7941
Conilurus-penicillatus,Conilurus,penicillatus,5,NA,M14056,NA, NA, NA, NA, NA, NA, NA, NA, NA,53920_HTVLWBCX2_GCTCGAA,53920_HTVLWBCX2_GCTCGAA,31835110,101,2882440212,31116486,100.5500776,2802890525,,,,,,,4032190,20.6723,20.8332
Leggadina-forresti,Leggadina,forresti,5,NA,WAMM62323,NA, NA, NA, NA, NA, NA, NA, NA, NA,52918_AH7T2JBCX2_CTGCGAC,52918_AH7T7NBCX2_CTGCGAC,44054256,101,4216628194,44000998,100.8453552,4205030058,,,,,,,8582195,31.6636,31.9913
Leggadina-lakedownensis,Leggadina,lakedownensis,5,NA,WAMM21623,NA, NA, NA, NA, NA, NA, NA, NA, NA,52919_AH7T2JBCX2_ACGTATG,52919_AH7T7NBCX2_ACGTATG,61153568,101,5864632670,60293621,100.8229242,5774152461,,,,,,,14793221,36.7659,37.1745
Mesembriomys-gouldii,Mesembriomys,gouldii,5,NA,ABTC7449,NA, NA, NA, NA, NA, NA, NA, NA, NA,53919_HTVLKBCX2_CTCGATG,53919_HTVLKBCX2_CTCGATG,39057987,101,3543697716,38153434,100.5618242,3444115368,,,,,,,5163681,24.573,24.7302
Mesembriomys-macrurus,Mesembriomys,macrurus,5,NA,ABTC7337,NA, NA, NA, NA, NA, NA, NA, NA, NA,53918_HTVLWBCX2_ATGGAGA,53918_HTVLWBCX2_ATGGAGA,25982150,101,2354800456,25397337,100.5597804,2290151656,,,,,,,2770837,15.533,15.6816
Notomys-alexis,Notomys,alexis,5,NA,U1308,NA, NA, NA, NA, NA, NA, NA, NA, NA,52920_AH7T2JBCX2_ATACTGA,52920_AH7T7NBCX2_ATACTGA,39797475,101,3810411446,39175218,100.7770289,3744300571,,,,,,,7449833,26.5174,26.83
Notomys-amplus,Notomys,amplus,5,NA,NMV-C512,NA, NA, NA, NA, NA, NA, NA, NA, NA,53926_HTVLWBCX2_TTGGATC,53926_HTVLWBCX2_TTGGATC,159689029,101,14401466578,154909873,88.89972363,12287005935,,,,,,,49677467,52.7005,56.2478
Notomys-aquilo,Notomys,aquilo,5,NA,M-32455,NA, NA, NA, NA, NA, NA, NA, NA, NA,52921_AH7T2JBCX2_TACTTAG,52921_AH7T7NBCX2_TACTTAG,44052994,101,4223712536,43630784,100.8349371,4177543445,,,,,,,7819771,30.8602,31.2918
Notomys-cervinus,Notomys,cervinus,5,NA,M22857,NA, NA, NA, NA, NA, NA, NA, NA, NA,52922_AH7T2JBCX2_AAGCTAA,52922_AH7T7NBCX2_AAGCTAA,37034198,101,3545298768,36946342,100.7697581,3528969221,,,,,,,5943006,28.0058,28.3896
Notomys-fuscus,Notomys,fuscus,5,NA,22830,NA, NA, NA, NA, NA, NA, NA, NA, NA,52924_AH7T2JBCX2_AGAAGAC,52924_AH7T7NBCX2_AGAAGAC,38986104,101,3735214522,38703662,100.673917,3696918182,,,,,,,6622939,28.3282,28.6476
Notomys-longicaudatus,Notomys,longicaudatus,5,NA,C6278,NA, NA, NA, NA, NA, NA, NA, NA, NA,52956_BH7T33BCX2_GGTCAAG,52956_BH7T77BCX2_GGTCAAG,113074849,101,10642223752,111830901,90.59480302,9442084260,,,,,,,44548530,53.2526,56.6855
Notomys-macrotis,Notomys,macrotis,5,NA,ZD-1841-1167,NA, NA, NA, NA, NA, NA, NA, NA, NA,53929_HTVLKBCX2_AGGTACC,53929_HTVLKBCX2_AGGTACC,71894529,101,6457786278,69545155,79.8270029,4933685403,,,,,,,23029172,10.2141,10.4247
Notomys-mitchellii,Notomys,mitchellii,5,NA,M21518,NA, NA, NA, NA, NA, NA, NA, NA, NA,53916_HTVLWBCX2_GGATCAA,53916_HTVLWBCX2_GGATCAA,23772876,101,2153983166,22208048,100.4480957,2002465133,,,,,,,3039742,14.9934,15.1681
Pseudomys-patrius,Pseudomys,patrius,5,NA,JM10865,NA, NA, NA, NA, NA,NA, NA, NA, NA,52940_BH7T33BCX2_CCAACCT,52940_BH7T77BCX2_CCAACCT,41130512,101,3874924388,40997573,100.7518202,3852851970,,,,,,,7898051,29.9976,30.3829
Pseudomys-pilligaensis,Pseudomys,pilligaensis,5,NA,ABTC18120,NA, NA, NA, NA, NA, NA, NA, NA, NA,52942_BH7T33BCX2_AGAATTA,52942_BH7T77BCX2_AGAATTA,28136555,101,2655197484,28055409,100.6944901,2639481308,,,,,,,3943118,22.0801,22.4461
Pseudomys-shortridgei,Pseudomys,shortridgei,5,NA,M62127,NA, NA, NA, NA, NA, NA, NA, NA, NA,53914_HTVLWBCX2_CTCTGCA,53914_HTVLWBCX2_CTCTGCA1,33791802,101,3066600178,33016764,100.4730923,2978540696,,,,,,,5443111,20.2223,20.4228
Rattus-colletti,Rattus,colletti,5,NA,RAT25,NA, NA, NA, NA, NA, NA, NA, NA, NA,52951_BH7T33BCX2_GCTAATC,52951_BH7T77BCX2_GCTAATC,45048644,101,4242262398,44916615,100.6528943,4215204512,,,,,,,8324783,32.6076,32.8363
Rattus-tunneyi,Rattus,tunneyi,5,NA,RAT130,NA, NA, NA, NA, NA, NA, NA, NA, NA,52952_BH7T33BCX2_GACTTCT,52952_BH7T77BCX2_GACTTCT,25226372,101,2379269322,25159581,100.6688356,2365125905,,,,,,,4232666,19.8917,19.9676
Zyzomys-argurus,Zyzomys,argurus,5,NA,ABTC61630,NA, NA, NA, NA, NA, NA, NA, NA, NA,52946_BH7T33BCX2_AACGACC,52946_BH7T77BCX2_AACGACC,48945848,101,4608170450,48712368,100.6903904,4572310957,,,,,,,9896360,34.3667,34.7687
Zyzomys-maini,Zyzomys,maini,5,NA,ABTC07900,NA, NA, NA, NA, NA, NA, NA, NA, NA,52947_BH7T33BCX2_CCAGCGG,52947_BH7T77BCX2_CCAGCGG,47239994,101,4446040806,47090671,100.7419034,4420575876,,,,,,,8936494,33.6527,33.773
Zyzomys-palatalis,Zyzomys,palatalis,5,NA,ABTC30744,NA, NA, NA, NA, NA, NA, NA, NA, NA,52949_BH7T33BCX2_TGGCAAT,52949_BH7T77BCX2_TGGCAAT,29835520,101,2809712536,29712320,100.7088996,2790098973,,,,,,,5072069,22.0024,22.245
Zyzomys-pedunculatus,Zyzomys,pedunculatus,5,NA,Z34925,NA, NA, NA, NA, NA, NA, NA, NA, NA,52948_BH7T33BCX2_TAGTTCC,52948_BH7T77BCX2_TAGTTCC,67229380,101,6346045534,66898498,100.6146074,6290622257,,,,,,,30370488,22.8982,22.9424
Zyzomys-woodwardi,Zyzomys,woodwardi,5,NA,WAMM21724,NA, NA, NA, NA, NA, NA, NA, NA, NA,52950_BH7T33BCX2_CGTATAT,52950_BH7T77BCX2_CGTATAT,21069256,101,1985254990,20981164,100.7131108,1971349568,,,,,,,3260889,15.753,15.8616
